PRAGMA foreign_keys=OFF;
BEGIN TRANSACTION;
CREATE TABLE "django_migrations" ("id" integer NOT NULL PRIMARY KEY AUTOINCREMENT, "app" varchar(255) NOT NULL, "name" varchar(255) NOT NULL, "applied" datetime NOT NULL);
INSERT INTO "django_migrations" VALUES(1,'contenttypes','0001_initial','2016-05-11 15:27:07.464407');
INSERT INTO "django_migrations" VALUES(2,'auth','0001_initial','2016-05-11 15:27:07.489779');
INSERT INTO "django_migrations" VALUES(3,'badgeuser','0001_initial','2016-05-11 15:27:07.521403');
INSERT INTO "django_migrations" VALUES(4,'account','0001_initial','2016-05-11 15:27:07.570883');
INSERT INTO "django_migrations" VALUES(5,'account','0002_email_max_length','2016-05-11 15:27:07.616243');
INSERT INTO "django_migrations" VALUES(6,'admin','0001_initial','2016-05-11 15:27:07.651265');
INSERT INTO "django_migrations" VALUES(7,'authtoken','0001_initial','2016-05-11 15:27:07.687486');
INSERT INTO "django_migrations" VALUES(8,'badgeuser','0002_cachedemailaddress','2016-05-11 15:27:07.733365');
INSERT INTO "django_migrations" VALUES(9,'badgeuser','0003_auto_20160309_0820','2016-05-11 15:27:07.777310');
INSERT INTO "django_migrations" VALUES(10,'credential_store','0001_initial','2016-05-11 15:27:07.890901');
INSERT INTO "django_migrations" VALUES(11,'credential_store','0002_auto_20150514_1544','2016-05-11 15:27:07.969866');
INSERT INTO "django_migrations" VALUES(12,'credential_store','0003_storedbadgeinstance_image','2016-05-11 15:27:08.036889');
INSERT INTO "django_migrations" VALUES(13,'composition','0001_initial','2016-05-11 15:27:08.371481');
INSERT INTO "django_migrations" VALUES(14,'composition','0002_auto_20150914_1421','2016-05-11 15:27:08.492236');
INSERT INTO "django_migrations" VALUES(15,'composition','0003_auto_20150914_1447','2016-05-11 15:27:08.603409');
INSERT INTO "django_migrations" VALUES(16,'composition','0004_auto_20150915_1057','2016-05-11 15:27:08.696593');
INSERT INTO "django_migrations" VALUES(17,'credential_store','0004_auto_20150914_2125','2016-05-11 15:27:08.874045');
INSERT INTO "django_migrations" VALUES(18,'composer','0001_initial','2016-05-11 15:27:09.056185');
INSERT INTO "django_migrations" VALUES(19,'composer','0002_auto_20150515_0958','2016-05-11 15:27:09.136133');
INSERT INTO "django_migrations" VALUES(20,'composer','0003_auto_20150605_1320','2016-05-11 15:27:09.265742');
INSERT INTO "django_migrations" VALUES(21,'composer','0004_auto_20150605_1349','2016-05-11 15:27:09.475002');
INSERT INTO "django_migrations" VALUES(22,'composer','0005_collection_share_hash','2016-05-11 15:27:09.582932');
INSERT INTO "django_migrations" VALUES(23,'composer','0006_auto_20150915_1103','2016-05-11 15:27:09.742688');
INSERT INTO "django_migrations" VALUES(24,'composer','0007_auto_20150914_1711','2016-05-11 15:27:10.049543');
INSERT INTO "django_migrations" VALUES(25,'composition','0005_auto_20151117_1555','2016-05-11 15:27:10.203587');
INSERT INTO "django_migrations" VALUES(26,'issuer','0001_initial','2016-05-11 15:27:10.344285');
INSERT INTO "django_migrations" VALUES(27,'issuer','0002_auto_20150409_1200','2016-05-11 15:27:10.431823');
INSERT INTO "django_migrations" VALUES(28,'issuer','0003_auto_20150512_0657','2016-05-11 15:27:10.512814');
INSERT INTO "django_migrations" VALUES(29,'issuer','0004_auto_20150915_1722','2016-05-11 15:27:10.791199');
INSERT INTO "django_migrations" VALUES(30,'issuer','0005_auto_20150915_1723','2016-05-11 15:27:10.869047');
INSERT INTO "django_migrations" VALUES(31,'issuer','0006_remove_badgeinstance_email','2016-05-11 15:27:10.963690');
INSERT INTO "django_migrations" VALUES(32,'issuer','0007_auto_20151117_1555','2016-05-11 15:27:11.108088');
INSERT INTO "django_migrations" VALUES(33,'issuer','0008_auto_20160322_1404','2016-05-11 15:27:11.244962');
INSERT INTO "django_migrations" VALUES(34,'mainsite','0001_initial','2016-05-11 15:27:11.251330');
INSERT INTO "django_migrations" VALUES(35,'reversion','0001_initial','2016-05-11 15:27:11.306802');
INSERT INTO "django_migrations" VALUES(36,'sessions','0001_initial','2016-05-11 15:27:11.313168');
INSERT INTO "django_migrations" VALUES(37,'sites','0001_initial','2016-05-11 15:27:11.319350');
CREATE TABLE "django_content_type" ("id" integer NOT NULL PRIMARY KEY AUTOINCREMENT, "name" varchar(100) NOT NULL, "app_label" varchar(100) NOT NULL, "model" varchar(100) NOT NULL, UNIQUE ("app_label", "model"));
INSERT INTO "django_content_type" VALUES(1,'permission','auth','permission');
INSERT INTO "django_content_type" VALUES(2,'group','auth','group');
INSERT INTO "django_content_type" VALUES(3,'content type','contenttypes','contenttype');
INSERT INTO "django_content_type" VALUES(4,'session','sessions','session');
INSERT INTO "django_content_type" VALUES(5,'site','sites','site');
INSERT INTO "django_content_type" VALUES(6,'log entry','admin','logentry');
INSERT INTO "django_content_type" VALUES(7,'email address','account','emailaddress');
INSERT INTO "django_content_type" VALUES(8,'badge user','badgeuser','badgeuser');
INSERT INTO "django_content_type" VALUES(9,'cached email address','badgeuser','cachedemailaddress');
INSERT INTO "django_content_type" VALUES(10,'email confirmation','account','emailconfirmation');
INSERT INTO "django_content_type" VALUES(11,'revision','reversion','revision');
INSERT INTO "django_content_type" VALUES(12,'version','reversion','version');
INSERT INTO "django_content_type" VALUES(13,'token','authtoken','token');
INSERT INTO "django_content_type" VALUES(14,'email blacklist','mainsite','emailblacklist');
INSERT INTO "django_content_type" VALUES(15,'issuer','issuer','issuer');
INSERT INTO "django_content_type" VALUES(16,'issuer staff','issuer','issuerstaff');
INSERT INTO "django_content_type" VALUES(17,'badge class','issuer','badgeclass');
INSERT INTO "django_content_type" VALUES(18,'badge instance','issuer','badgeinstance');
INSERT INTO "django_content_type" VALUES(19,'local issuer','composition','localissuer');
INSERT INTO "django_content_type" VALUES(20,'local badge class','composition','localbadgeclass');
INSERT INTO "django_content_type" VALUES(21,'local badge instance','composition','localbadgeinstance');
INSERT INTO "django_content_type" VALUES(22,'collection','composition','collection');
INSERT INTO "django_content_type" VALUES(23,'BadgeInstance in a Collection','composition','localbadgeinstancecollection');
INSERT INTO "django_content_type" VALUES(24,'collection permission','composition','collectionpermission');
INSERT INTO "django_content_type" VALUES(25,'collection','composer','collection');
INSERT INTO "django_content_type" VALUES(26,'stored badge instance collection','composer','storedbadgeinstancecollection');
INSERT INTO "django_content_type" VALUES(27,'collection permission','composer','collectionpermission');
INSERT INTO "django_content_type" VALUES(28,'stored issuer','credential_store','storedissuer');
INSERT INTO "django_content_type" VALUES(29,'stored badge class','credential_store','storedbadgeclass');
INSERT INTO "django_content_type" VALUES(30,'stored badge instance','credential_store','storedbadgeinstance');
CREATE TABLE "auth_permission" ("id" integer NOT NULL PRIMARY KEY AUTOINCREMENT, "name" varchar(50) NOT NULL, "content_type_id" integer NOT NULL REFERENCES "django_content_type" ("id"), "codename" varchar(100) NOT NULL, UNIQUE ("content_type_id", "codename"));
INSERT INTO "auth_permission" VALUES(1,'Can add permission',1,'add_permission');
INSERT INTO "auth_permission" VALUES(2,'Can change permission',1,'change_permission');
INSERT INTO "auth_permission" VALUES(3,'Can delete permission',1,'delete_permission');
INSERT INTO "auth_permission" VALUES(4,'Can add group',2,'add_group');
INSERT INTO "auth_permission" VALUES(5,'Can change group',2,'change_group');
INSERT INTO "auth_permission" VALUES(6,'Can delete group',2,'delete_group');
INSERT INTO "auth_permission" VALUES(7,'Can add content type',3,'add_contenttype');
INSERT INTO "auth_permission" VALUES(8,'Can change content type',3,'change_contenttype');
INSERT INTO "auth_permission" VALUES(9,'Can delete content type',3,'delete_contenttype');
INSERT INTO "auth_permission" VALUES(10,'Can add session',4,'add_session');
INSERT INTO "auth_permission" VALUES(11,'Can change session',4,'change_session');
INSERT INTO "auth_permission" VALUES(12,'Can delete session',4,'delete_session');
INSERT INTO "auth_permission" VALUES(13,'Can add site',5,'add_site');
INSERT INTO "auth_permission" VALUES(14,'Can change site',5,'change_site');
INSERT INTO "auth_permission" VALUES(15,'Can delete site',5,'delete_site');
INSERT INTO "auth_permission" VALUES(16,'Can add log entry',6,'add_logentry');
INSERT INTO "auth_permission" VALUES(17,'Can change log entry',6,'change_logentry');
INSERT INTO "auth_permission" VALUES(18,'Can delete log entry',6,'delete_logentry');
INSERT INTO "auth_permission" VALUES(19,'Can add cached email address',7,'add_cachedemailaddress');
INSERT INTO "auth_permission" VALUES(20,'Can change cached email address',7,'change_cachedemailaddress');
INSERT INTO "auth_permission" VALUES(21,'Can delete cached email address',7,'delete_cachedemailaddress');
INSERT INTO "auth_permission" VALUES(22,'Can add badge user',8,'add_badgeuser');
INSERT INTO "auth_permission" VALUES(23,'Can change badge user',8,'change_badgeuser');
INSERT INTO "auth_permission" VALUES(24,'Can delete badge user',8,'delete_badgeuser');
INSERT INTO "auth_permission" VALUES(25,'Can add email address',7,'add_emailaddress');
INSERT INTO "auth_permission" VALUES(26,'Can change email address',7,'change_emailaddress');
INSERT INTO "auth_permission" VALUES(27,'Can delete email address',7,'delete_emailaddress');
INSERT INTO "auth_permission" VALUES(28,'Can add email confirmation',10,'add_emailconfirmation');
INSERT INTO "auth_permission" VALUES(29,'Can change email confirmation',10,'change_emailconfirmation');
INSERT INTO "auth_permission" VALUES(30,'Can delete email confirmation',10,'delete_emailconfirmation');
INSERT INTO "auth_permission" VALUES(31,'Can add revision',11,'add_revision');
INSERT INTO "auth_permission" VALUES(32,'Can change revision',11,'change_revision');
INSERT INTO "auth_permission" VALUES(33,'Can delete revision',11,'delete_revision');
INSERT INTO "auth_permission" VALUES(34,'Can add version',12,'add_version');
INSERT INTO "auth_permission" VALUES(35,'Can change version',12,'change_version');
INSERT INTO "auth_permission" VALUES(36,'Can delete version',12,'delete_version');
INSERT INTO "auth_permission" VALUES(37,'Can add token',13,'add_token');
INSERT INTO "auth_permission" VALUES(38,'Can change token',13,'change_token');
INSERT INTO "auth_permission" VALUES(39,'Can delete token',13,'delete_token');
INSERT INTO "auth_permission" VALUES(40,'Can add email blacklist',14,'add_emailblacklist');
INSERT INTO "auth_permission" VALUES(41,'Can change email blacklist',14,'change_emailblacklist');
INSERT INTO "auth_permission" VALUES(42,'Can delete email blacklist',14,'delete_emailblacklist');
INSERT INTO "auth_permission" VALUES(43,'Can add issuer',15,'add_issuer');
INSERT INTO "auth_permission" VALUES(44,'Can change issuer',15,'change_issuer');
INSERT INTO "auth_permission" VALUES(45,'Can delete issuer',15,'delete_issuer');
INSERT INTO "auth_permission" VALUES(46,'Can add issuer staff',16,'add_issuerstaff');
INSERT INTO "auth_permission" VALUES(47,'Can change issuer staff',16,'change_issuerstaff');
INSERT INTO "auth_permission" VALUES(48,'Can delete issuer staff',16,'delete_issuerstaff');
INSERT INTO "auth_permission" VALUES(49,'Can add badge class',17,'add_badgeclass');
INSERT INTO "auth_permission" VALUES(50,'Can change badge class',17,'change_badgeclass');
INSERT INTO "auth_permission" VALUES(51,'Can delete badge class',17,'delete_badgeclass');
INSERT INTO "auth_permission" VALUES(52,'Can add badge instance',18,'add_badgeinstance');
INSERT INTO "auth_permission" VALUES(53,'Can change badge instance',18,'change_badgeinstance');
INSERT INTO "auth_permission" VALUES(54,'Can delete badge instance',18,'delete_badgeinstance');
INSERT INTO "auth_permission" VALUES(55,'Can add local issuer',19,'add_localissuer');
INSERT INTO "auth_permission" VALUES(56,'Can change local issuer',19,'change_localissuer');
INSERT INTO "auth_permission" VALUES(57,'Can delete local issuer',19,'delete_localissuer');
INSERT INTO "auth_permission" VALUES(58,'Can add local badge class',20,'add_localbadgeclass');
INSERT INTO "auth_permission" VALUES(59,'Can change local badge class',20,'change_localbadgeclass');
INSERT INTO "auth_permission" VALUES(60,'Can delete local badge class',20,'delete_localbadgeclass');
INSERT INTO "auth_permission" VALUES(61,'Can add local badge instance',21,'add_localbadgeinstance');
INSERT INTO "auth_permission" VALUES(62,'Can change local badge instance',21,'change_localbadgeinstance');
INSERT INTO "auth_permission" VALUES(63,'Can delete local badge instance',21,'delete_localbadgeinstance');
INSERT INTO "auth_permission" VALUES(64,'Can add collection',22,'add_collection');
INSERT INTO "auth_permission" VALUES(65,'Can change collection',22,'change_collection');
INSERT INTO "auth_permission" VALUES(66,'Can delete collection',22,'delete_collection');
INSERT INTO "auth_permission" VALUES(67,'Can add BadgeInstance in a Collection',23,'add_localbadgeinstancecollection');
INSERT INTO "auth_permission" VALUES(68,'Can change BadgeInstance in a Collection',23,'change_localbadgeinstancecollection');
INSERT INTO "auth_permission" VALUES(69,'Can delete BadgeInstance in a Collection',23,'delete_localbadgeinstancecollection');
INSERT INTO "auth_permission" VALUES(70,'Can add collection permission',24,'add_collectionpermission');
INSERT INTO "auth_permission" VALUES(71,'Can change collection permission',24,'change_collectionpermission');
INSERT INTO "auth_permission" VALUES(72,'Can delete collection permission',24,'delete_collectionpermission');
INSERT INTO "auth_permission" VALUES(73,'Can add collection',25,'add_collection');
INSERT INTO "auth_permission" VALUES(74,'Can change collection',25,'change_collection');
INSERT INTO "auth_permission" VALUES(75,'Can delete collection',25,'delete_collection');
INSERT INTO "auth_permission" VALUES(76,'Can add stored badge instance collection',26,'add_storedbadgeinstancecollection');
INSERT INTO "auth_permission" VALUES(77,'Can change stored badge instance collection',26,'change_storedbadgeinstancecollection');
INSERT INTO "auth_permission" VALUES(78,'Can delete stored badge instance collection',26,'delete_storedbadgeinstancecollection');
INSERT INTO "auth_permission" VALUES(79,'Can add collection permission',27,'add_collectionpermission');
INSERT INTO "auth_permission" VALUES(80,'Can change collection permission',27,'change_collectionpermission');
INSERT INTO "auth_permission" VALUES(81,'Can delete collection permission',27,'delete_collectionpermission');
INSERT INTO "auth_permission" VALUES(82,'Can add stored issuer',28,'add_storedissuer');
INSERT INTO "auth_permission" VALUES(83,'Can change stored issuer',28,'change_storedissuer');
INSERT INTO "auth_permission" VALUES(84,'Can delete stored issuer',28,'delete_storedissuer');
INSERT INTO "auth_permission" VALUES(85,'Can add stored badge class',29,'add_storedbadgeclass');
INSERT INTO "auth_permission" VALUES(86,'Can change stored badge class',29,'change_storedbadgeclass');
INSERT INTO "auth_permission" VALUES(87,'Can delete stored badge class',29,'delete_storedbadgeclass');
INSERT INTO "auth_permission" VALUES(88,'Can add stored badge instance',30,'add_storedbadgeinstance');
INSERT INTO "auth_permission" VALUES(89,'Can change stored badge instance',30,'change_storedbadgeinstance');
INSERT INTO "auth_permission" VALUES(90,'Can delete stored badge instance',30,'delete_storedbadgeinstance');
CREATE TABLE "auth_group" ("id" integer NOT NULL PRIMARY KEY AUTOINCREMENT, "name" varchar(80) NOT NULL UNIQUE);
CREATE TABLE "auth_group_permissions" ("id" integer NOT NULL PRIMARY KEY AUTOINCREMENT, "group_id" integer NOT NULL REFERENCES "auth_group" ("id"), "permission_id" integer NOT NULL REFERENCES "auth_permission" ("id"), UNIQUE ("group_id", "permission_id"));
CREATE TABLE "users" ("id" integer NOT NULL PRIMARY KEY AUTOINCREMENT, "password" varchar(128) NOT NULL, "last_login" datetime NOT NULL, "is_superuser" bool NOT NULL, "username" varchar(30) NOT NULL UNIQUE, "first_name" varchar(30) NOT NULL, "last_name" varchar(30) NOT NULL, "email" varchar(75) NOT NULL, "is_staff" bool NOT NULL, "is_active" bool NOT NULL, "date_joined" datetime NOT NULL);
INSERT INTO "users" VALUES(1,'pbkdf2_sha256$12000$eZjDtYRIWzIO$n/H4gOkcW7cVC700C8LtOOCaP+dpfs1eG1VhHzx4IZI=','2016-08-16 15:12:09.785847',1,'admin','','','b@d.gr',1,1,'2016-08-16 15:12:09.785847');
CREATE TABLE "users_groups" ("id" integer NOT NULL PRIMARY KEY AUTOINCREMENT, "badgeuser_id" integer NOT NULL REFERENCES "users" ("id"), "group_id" integer NOT NULL REFERENCES "auth_group" ("id"), UNIQUE ("badgeuser_id", "group_id"));
CREATE TABLE "users_user_permissions" ("id" integer NOT NULL PRIMARY KEY AUTOINCREMENT, "badgeuser_id" integer NOT NULL REFERENCES "users" ("id"), "permission_id" integer NOT NULL REFERENCES "auth_permission" ("id"), UNIQUE ("badgeuser_id", "permission_id"));
CREATE TABLE "account_emailconfirmation" ("id" integer NOT NULL PRIMARY KEY AUTOINCREMENT, "created" datetime NOT NULL, "sent" datetime NULL, "key" varchar(64) NOT NULL UNIQUE, "email_address_id" integer NOT NULL REFERENCES "account_emailaddress" ("id"));
INSERT INTO "account_emailconfirmation" VALUES(1,'2016-08-16 15:12:37.014120','2016-08-16 15:12:37.024942','uyh8geu6eqgtfkcpiszx4pas9cmpj71wz8juv85s7fvxdsr3mgvkik8ag7u8apdk',1);
CREATE TABLE "account_emailaddress" ("id" integer NOT NULL PRIMARY KEY AUTOINCREMENT, "verified" bool NOT NULL, "primary" bool NOT NULL, "user_id" integer NOT NULL REFERENCES "users" ("id"), "email" varchar(254) NOT NULL UNIQUE);
INSERT INTO "account_emailaddress" VALUES(1,1,1,1,'b@d.gr');
CREATE TABLE "django_admin_log" ("id" integer NOT NULL PRIMARY KEY AUTOINCREMENT, "action_time" datetime NOT NULL, "object_id" text NULL, "object_repr" varchar(200) NOT NULL, "action_flag" smallint unsigned NOT NULL, "change_message" text NOT NULL, "content_type_id" integer NULL REFERENCES "django_content_type" ("id"), "user_id" integer NOT NULL REFERENCES "users" ("id"));
INSERT INTO "django_admin_log" VALUES(1,'2016-08-16 15:53:12.025340','2','Writing - review & editing',2,'Changed criteria_text and json.',17,1);
INSERT INTO "django_admin_log" VALUES(2,'2016-08-16 15:54:27.251992','2','Writing - review & editing',2,'Changed criteria_text and json.',17,1);
INSERT INTO "django_admin_log" VALUES(3,'2016-08-16 15:55:11.265415','2','Writing - review & editing',2,'Changed json.',17,1);
INSERT INTO "django_admin_log" VALUES(4,'2016-08-16 15:55:27.798512','2','Writing - review & editing',2,'Changed json.',17,1);
INSERT INTO "django_admin_log" VALUES(5,'2016-08-16 16:08:45.835377','4','Data curation',2,'Changed name and json.',17,1);
INSERT INTO "django_admin_log" VALUES(6,'2016-08-16 16:17:39.909598','16','Writing - review & editing',2,'Changed slug and json.',17,1);
INSERT INTO "django_admin_log" VALUES(7,'2016-08-16 16:18:04.515545','1','jos',3,'',15,1);
INSERT INTO "django_admin_log" VALUES(8,'2016-08-16 16:18:58.162770','2','192.168.99.100:8000',1,'',5,1);
INSERT INTO "django_admin_log" VALUES(9,'2016-08-16 16:19:44.972528','1','example.com',3,'',5,1);
CREATE TABLE "authtoken_token" ("key" varchar(40) NOT NULL PRIMARY KEY, "created" datetime NOT NULL, "user_id" integer NOT NULL UNIQUE REFERENCES "users" ("id"));
INSERT INTO "authtoken_token" VALUES('8b6501675955d9307f650a2caedfea29ee75a2f2','2016-08-16 15:12:09.825700',1);
CREATE TABLE "credential_store_storedbadgeclass" ("id" integer NOT NULL PRIMARY KEY AUTOINCREMENT, "json" text NOT NULL, "errors" text NOT NULL, "url" varchar(1024) NOT NULL, "issuer_id" integer NOT NULL REFERENCES "credential_store_storedissuer" ("id"));
CREATE TABLE "credential_store_storedissuer" ("id" integer NOT NULL PRIMARY KEY AUTOINCREMENT, "json" text NOT NULL, "errors" text NOT NULL, "url" varchar(1024) NOT NULL);
CREATE TABLE "credential_store_storedbadgeinstance" ("id" integer NOT NULL PRIMARY KEY AUTOINCREMENT, "json" text NOT NULL, "errors" text NOT NULL, "url" varchar(1024) NOT NULL, "recipient_id" varchar(1024) NOT NULL, "badgeclass_id" integer NULL REFERENCES "credential_store_storedbadgeclass" ("id"), "issuer_id" integer NULL REFERENCES "credential_store_storedissuer" ("id"), "recipient_user_id" integer NULL REFERENCES "users" ("id"), "image" varchar(100) NULL);
CREATE TABLE "composition_localbadgeinstancecollection" ("id" integer NOT NULL PRIMARY KEY AUTOINCREMENT, "description" text NOT NULL, "collection_id" integer NOT NULL REFERENCES "composition_collection" ("id"), "instance_id" integer NOT NULL REFERENCES "composition_localbadgeinstance" ("id"), UNIQUE ("instance_id", "collection_id"));
CREATE TABLE "composition_collectionpermission" ("id" integer NOT NULL PRIMARY KEY AUTOINCREMENT, "can_write" bool NOT NULL, "collection_id" integer NOT NULL REFERENCES "composition_collection" ("id"), "user_id" integer NOT NULL REFERENCES "users" ("id"), UNIQUE ("user_id", "collection_id"));
CREATE TABLE "composition_collection" ("id" integer NOT NULL PRIMARY KEY AUTOINCREMENT, "name" varchar(128) NOT NULL, "slug" varchar(128) NOT NULL, "description" varchar(255) NOT NULL, "share_hash" varchar(255) NOT NULL, "owner_id" integer NOT NULL REFERENCES "users" ("id"), UNIQUE ("owner_id", "slug"));
CREATE TABLE "composer_storedbadgeinstancecollection" ("id" integer NOT NULL PRIMARY KEY AUTOINCREMENT, "description" text NOT NULL, "collection_id" integer NOT NULL REFERENCES "composer_collection" ("id"), "instance_id" integer NOT NULL REFERENCES "credential_store_storedbadgeinstance" ("id"), UNIQUE ("instance_id", "collection_id"));
CREATE TABLE "composer_collection" ("id" integer NOT NULL PRIMARY KEY AUTOINCREMENT, "name" varchar(128) NOT NULL, "slug" varchar(128) NOT NULL, "description" varchar(255) NOT NULL, "share_hash" varchar(255) NOT NULL, "owner_id" integer NOT NULL REFERENCES "users" ("id"), UNIQUE ("owner_id", "slug"));
CREATE TABLE "composer_collectionpermission" ("id" integer NOT NULL PRIMARY KEY AUTOINCREMENT, "can_write" bool NOT NULL, "collection_id" integer NOT NULL REFERENCES "composer_collection" ("id"), "user_id" integer NOT NULL REFERENCES "users" ("id"), UNIQUE ("user_id", "collection_id"));
CREATE TABLE "composition_localbadgeclass" ("id" integer NOT NULL PRIMARY KEY AUTOINCREMENT, "created_at" datetime NOT NULL, "json" text NOT NULL, "criteria_text" text NULL, "name" varchar(255) NOT NULL, "slug" varchar(255) NOT NULL UNIQUE, "created_by_id" integer NULL REFERENCES "users" ("id"), "issuer_id" integer NOT NULL REFERENCES "composition_localissuer" ("id"), "identifier" varchar(1024) NOT NULL, "image" varchar(100) NOT NULL);
CREATE TABLE "composition_localbadgeinstance" ("id" integer NOT NULL PRIMARY KEY AUTOINCREMENT, "created_at" datetime NOT NULL, "json" text NOT NULL, "slug" varchar(255) NOT NULL UNIQUE, "revoked" bool NOT NULL, "revocation_reason" varchar(255) NULL, "badgeclass_id" integer NULL REFERENCES "composition_localbadgeclass" ("id"), "created_by_id" integer NULL REFERENCES "users" ("id"), "issuer_id" integer NULL REFERENCES "composition_localissuer" ("id"), "recipient_user_id" integer NOT NULL REFERENCES "users" ("id"), "identifier" varchar(1024) NOT NULL, "recipient_identifier" varchar(1024) NOT NULL, "image" varchar(100) NOT NULL);
CREATE TABLE "composition_localissuer" ("id" integer NOT NULL PRIMARY KEY AUTOINCREMENT, "created_at" datetime NOT NULL, "json" text NOT NULL, "name" varchar(1024) NOT NULL, "slug" varchar(255) NOT NULL UNIQUE, "created_by_id" integer NULL REFERENCES "users" ("id"), "identifier" varchar(1024) NOT NULL, "image" varchar(100) NULL);
CREATE TABLE "issuer_issuerstaff" ("id" integer NOT NULL PRIMARY KEY AUTOINCREMENT, "editor" bool NOT NULL, "user_id" integer NOT NULL REFERENCES "users" ("id"), "issuer_id" integer NOT NULL REFERENCES "issuer_issuer" ("id"), UNIQUE ("issuer_id", "user_id"));
CREATE TABLE "issuer_issuer" ("id" integer NOT NULL PRIMARY KEY AUTOINCREMENT, "created_at" datetime NOT NULL, "json" text NOT NULL, "name" varchar(1024) NOT NULL, "slug" varchar(255) NOT NULL UNIQUE, "created_by_id" integer NULL REFERENCES "users" ("id"), "owner_id" integer NOT NULL REFERENCES "users" ("id"), "identifier" varchar(1024) NOT NULL, "image" varchar(100) NULL);
INSERT INTO "issuer_issuer" VALUES(2,'2016-08-16 16:04:23.310386','{"description":"Mozilla Science Lab","url":"http://mozillascience.org","image":"http://192.168.99.100:8000/public/issuers/mozilla-science/image","id":"http://192.168.99.100:8000/public/issuers/mozilla-science","@context":"https://w3id.org/openbadges/v1","type":"Issuer","email":"sciencelab@mozillafoundation.org","name":"Mozilla Science"}','Mozilla Science','mozilla-science',1,1,'get_full_url','uploads/issuers/issuer_logo_36ae76d2-3ea4-42e9-a080-fb11ec8824d9.svg');
CREATE TABLE "issuer_badgeclass" ("id" integer NOT NULL PRIMARY KEY AUTOINCREMENT, "created_at" datetime NOT NULL, "json" text NOT NULL, "name" varchar(255) NOT NULL, "slug" varchar(255) NOT NULL UNIQUE, "criteria_text" text NULL, "image" varchar(100) NOT NULL, "created_by_id" integer NULL REFERENCES "users" ("id"), "identifier" varchar(1024) NOT NULL, "issuer_id" integer NOT NULL REFERENCES "issuer_issuer" ("id"));
INSERT INTO "issuer_badgeclass" VALUES(3,'2016-08-16 16:05:32.984080','{"name":"Conceptualization","description":"Ideas; formulation or evolution of overarching research goals and aims.","image":"http://192.168.99.100:8000/public/badges/conceptualization/image","criteria":"http://dictionary.casrai.org/Contributor_Roles","@context":"https://w3id.org/openbadges/v1","type":"BadgeClass","id":"http://192.168.99.100:8000/public/badges/conceptualization","issuer":"http://192.168.99.100:8000/public/issuers/mozilla-science"}','Conceptualization','conceptualization',NULL,'uploads/badges/issuer_badgeclass_f3d0ff4c-3545-44da-8924-d1337b8f4740.png',1,'get_full_url',2);
INSERT INTO "issuer_badgeclass" VALUES(4,'2016-08-16 16:06:47.196519','{"name":"Data Curation","image":"http://192.168.99.100:8000/public/badges/data-curation/image","description":"Management activities to annotate (produce metadata), scrub data and maintain research data (including software code, where it is necessary for interpreting the data itself) for initial use and later re-use.","criteria":"http://dictionary.casrai.org/Contributor_Roles","@context":"https://w3id.org/openbadges/v1","type":"BadgeClass","id":"http://192.168.99.100:8000/public/badges/data-curation","issuer":"http://192.168.99.100:8000/public/issuers/mozilla-science"}','Data curation','data-curation','','uploads/badges/issuer_badgeclass_b7dc20d9-3d3d-4ffc-82ab-cce90639f6a7.png',1,'get_full_url',2);
INSERT INTO "issuer_badgeclass" VALUES(5,'2016-08-16 16:07:40.317933','{"name":"Formal Analysis","description":"Application of statistical, mathematical, computational, or other formal techniques to analyse or synthesize study data.","image":"http://192.168.99.100:8000/public/badges/formal-analysis/image","criteria":"http://dictionary.casrai.org/Contributor_Roles","@context":"https://w3id.org/openbadges/v1","type":"BadgeClass","id":"http://192.168.99.100:8000/public/badges/formal-analysis","issuer":"http://192.168.99.100:8000/public/issuers/mozilla-science"}','Formal Analysis','formal-analysis',NULL,'uploads/badges/issuer_badgeclass_dd7cc22e-2b29-439d-bf3a-2f718daefc3f.png',1,'get_full_url',2);
INSERT INTO "issuer_badgeclass" VALUES(6,'2016-08-16 16:08:13.760036','{"name":"Funding acquisition","description":"Acquisition of the financial support for the project leading to this publication.","image":"http://192.168.99.100:8000/public/badges/funding-acquisition/image","criteria":"http://dictionary.casrai.org/Contributor_Roles","@context":"https://w3id.org/openbadges/v1","type":"BadgeClass","id":"http://192.168.99.100:8000/public/badges/funding-acquisition","issuer":"http://192.168.99.100:8000/public/issuers/mozilla-science"}','Funding acquisition','funding-acquisition',NULL,'uploads/badges/issuer_badgeclass_08f3798e-07dc-447e-8f2f-f9967237e3d7.png',1,'get_full_url',2);
INSERT INTO "issuer_badgeclass" VALUES(7,'2016-08-16 16:09:34.395680','{"name":"Investigation","description":"Conducting a research and investigation process, specifically performing the experiments, or data/evidence collection.","image":"http://192.168.99.100:8000/public/badges/investigation/image","criteria":"http://dictionary.casrai.org/Contributor_Roles","@context":"https://w3id.org/openbadges/v1","type":"BadgeClass","id":"http://192.168.99.100:8000/public/badges/investigation","issuer":"http://192.168.99.100:8000/public/issuers/mozilla-science"}','Investigation','investigation',NULL,'uploads/badges/issuer_badgeclass_c9535e06-e81b-4cdb-b29a-46ce1fe59d9b.png',1,'get_full_url',2);
INSERT INTO "issuer_badgeclass" VALUES(8,'2016-08-16 16:10:01.079715','{"name":"Methodology","description":"Development or design of methodology; creation of models.","image":"http://192.168.99.100:8000/public/badges/methodology/image","criteria":"http://dictionary.casrai.org/Contributor_Roles","@context":"https://w3id.org/openbadges/v1","type":"BadgeClass","id":"http://192.168.99.100:8000/public/badges/methodology","issuer":"http://192.168.99.100:8000/public/issuers/mozilla-science"}','Methodology','methodology',NULL,'uploads/badges/issuer_badgeclass_30e36f55-299f-4327-b9a9-08e0c5eca921.png',1,'get_full_url',2);
INSERT INTO "issuer_badgeclass" VALUES(9,'2016-08-16 16:10:31.970924','{"name":"Project administration","description":"Management and coordination responsibility for the research activity planning and execution.","image":"http://192.168.99.100:8000/public/badges/project-administration/image","criteria":"http://dictionary.casrai.org/Contributor_Roles","@context":"https://w3id.org/openbadges/v1","type":"BadgeClass","id":"http://192.168.99.100:8000/public/badges/project-administration","issuer":"http://192.168.99.100:8000/public/issuers/mozilla-science"}','Project administration','project-administration',NULL,'uploads/badges/issuer_badgeclass_1087809a-4863-442b-a76e-c913d86adf68.png',1,'get_full_url',2);
INSERT INTO "issuer_badgeclass" VALUES(10,'2016-08-16 16:10:58.224059','{"name":"Resources","description":"Provision of study materials, reagents, materials, patients, laboratory samples, animals, instrumentation, computing resources, or other analysis tools.","image":"http://192.168.99.100:8000/public/badges/resources/image","criteria":"http://dictionary.casrai.org/Contributor_Roles","@context":"https://w3id.org/openbadges/v1","type":"BadgeClass","id":"http://192.168.99.100:8000/public/badges/resources","issuer":"http://192.168.99.100:8000/public/issuers/mozilla-science"}','Resources','resources',NULL,'uploads/badges/issuer_badgeclass_a95e48ab-3969-488d-8f1d-e7f9ced40bc6.png',1,'get_full_url',2);
INSERT INTO "issuer_badgeclass" VALUES(11,'2016-08-16 16:11:38.717079','{"name":"Software","description":"Programming, software development; designing computer programs; implementation of the computer code and supporting algorithms; testing of existing code components.","image":"http://192.168.99.100:8000/public/badges/software/image","criteria":"http://dictionary.casrai.org/Contributor_Roles","@context":"https://w3id.org/openbadges/v1","type":"BadgeClass","id":"http://192.168.99.100:8000/public/badges/software","issuer":"http://192.168.99.100:8000/public/issuers/mozilla-science"}','Software','software',NULL,'uploads/badges/issuer_badgeclass_2f1462d6-d5bf-48e3-beaa-d237f8faf982.png',1,'get_full_url',2);
INSERT INTO "issuer_badgeclass" VALUES(12,'2016-08-16 16:12:09.991666','{"name":"Supervision","description":"Oversight and leadership responsibility for the research activity planning and execution, including mentorship external to the core team.","image":"http://192.168.99.100:8000/public/badges/supervision/image","criteria":"http://dictionary.casrai.org/Contributor_Roles","@context":"https://w3id.org/openbadges/v1","type":"BadgeClass","id":"http://192.168.99.100:8000/public/badges/supervision","issuer":"http://192.168.99.100:8000/public/issuers/mozilla-science"}','Supervision','supervision',NULL,'uploads/badges/issuer_badgeclass_a75f655d-be73-47be-b8ab-d34063bf0621.png',1,'get_full_url',2);
INSERT INTO "issuer_badgeclass" VALUES(13,'2016-08-16 16:13:28.079213','{"name":"Validation","description":"Verification, whether as a part of the activity or separate, of the overall replication/reproducibility of results/experiments and other research outputs.","image":"http://192.168.99.100:8000/public/badges/validation/image","criteria":"http://dictionary.casrai.org/Contributor_Roles","@context":"https://w3id.org/openbadges/v1","type":"BadgeClass","id":"http://192.168.99.100:8000/public/badges/validation","issuer":"http://192.168.99.100:8000/public/issuers/mozilla-science"}','Validation','validation',NULL,'uploads/badges/issuer_badgeclass_770d34cd-51eb-4273-8275-d43952f17796.png',1,'get_full_url',2);
INSERT INTO "issuer_badgeclass" VALUES(14,'2016-08-16 16:14:05.587644','{"name":"Data visualization","description":"Preparation, creation and/or presentation of the published work, specifically visualization/data presentation.","image":"http://192.168.99.100:8000/public/badges/data-visualization/image","criteria":"http://dictionary.casrai.org/Contributor_Roles","@context":"https://w3id.org/openbadges/v1","type":"BadgeClass","id":"http://192.168.99.100:8000/public/badges/data-visualization","issuer":"http://192.168.99.100:8000/public/issuers/mozilla-science"}','Data visualization','data-visualization',NULL,'uploads/badges/issuer_badgeclass_a0e55a0c-07ef-4764-8b67-ef4c0c2d2792.png',1,'get_full_url',2);
INSERT INTO "issuer_badgeclass" VALUES(15,'2016-08-16 16:15:25.891364','{"name":"Writing - original draft","description":"Preparation, creation and/or presentation of the published work, specifically writing the initial draft (including substantive translation).","image":"http://192.168.99.100:8000/public/badges/writing-original-draft/image","criteria":"http://dictionary.casrai.org/Contributor_Roles","@context":"https://w3id.org/openbadges/v1","type":"BadgeClass","id":"http://192.168.99.100:8000/public/badges/writing-original-draft","issuer":"http://192.168.99.100:8000/public/issuers/mozilla-science"}','Writing - original draft','writing-original-draft',NULL,'uploads/badges/issuer_badgeclass_af85859c-c4cb-4b96-8a12-4023497c18a5.png',1,'get_full_url',2);
INSERT INTO "issuer_badgeclass" VALUES(16,'2016-08-16 16:16:00.042240','{"name":"Writing - review & editing","image":"http://192.168.99.100:8000/public/badges/writing-review-editing-2/image","description":"Preparation, creation and/or presentation of the published work by those from the original research group, specifically critical review, commentary or revision \u2013 including pre- or post-publication stages.","criteria":"http://dictionary.casrai.org/Contributor_Roles","@context":"https://w3id.org/openbadges/v1","type":"BadgeClass","id":"http://192.168.99.100:8000/public/badges/writing-review-editing-2","issuer":"http://192.168.99.100:8000/public/issuers/mozilla-science"}','Writing - review & editing','writing-review-editing','','uploads/badges/issuer_badgeclass_7d94a27e-8140-438e-9ce2-563656626951.png',1,'get_full_url',2);
CREATE TABLE "issuer_badgeinstance" ("id" integer NOT NULL PRIMARY KEY AUTOINCREMENT, "created_at" datetime NOT NULL, "json" text NOT NULL, "slug" varchar(255) NOT NULL UNIQUE, "image" varchar(100) NOT NULL, "revoked" bool NOT NULL, "revocation_reason" varchar(255) NULL, "created_by_id" integer NULL REFERENCES "users" ("id"), "issuer_id" integer NOT NULL REFERENCES "issuer_issuer" ("id"), "identifier" varchar(1024) NOT NULL, "recipient_identifier" varchar(1024) NOT NULL, "badgeclass_id" integer NOT NULL REFERENCES "issuer_badgeclass" ("id"));
CREATE TABLE "mainsite_emailblacklist" ("id" integer NOT NULL PRIMARY KEY AUTOINCREMENT, "email" varchar(75) NOT NULL UNIQUE);
CREATE TABLE "reversion_revision" ("id" integer NOT NULL PRIMARY KEY AUTOINCREMENT, "manager_slug" varchar(200) NOT NULL, "date_created" datetime NOT NULL, "comment" text NOT NULL, "user_id" integer NULL REFERENCES "users" ("id"));
CREATE TABLE "reversion_version" ("id" integer NOT NULL PRIMARY KEY AUTOINCREMENT, "object_id" text NOT NULL, "object_id_int" integer NULL, "format" varchar(255) NOT NULL, "serialized_data" text NOT NULL, "object_repr" text NOT NULL, "content_type_id" integer NOT NULL REFERENCES "django_content_type" ("id"), "revision_id" integer NOT NULL REFERENCES "reversion_revision" ("id"));
CREATE TABLE "django_session" ("session_key" varchar(40) NOT NULL PRIMARY KEY, "session_data" text NOT NULL, "expire_date" datetime NOT NULL);
INSERT INTO "django_session" VALUES('lxpfvh86qd1dp09fp50oiwiawdnhvmow','ZDM0YTkzNGYwMzZjOTNlNDFkMWU0MWFjMTY4MzE1ZmU1YTE3MmI4Yjp7Il9hdXRoX3VzZXJfYmFja2VuZCI6ImFsbGF1dGguYWNjb3VudC5hdXRoX2JhY2tlbmRzLkF1dGhlbnRpY2F0aW9uQmFja2VuZCIsIl9hdXRoX3VzZXJfaGFzaCI6ImEyN2M4MzM2M2I1YjFlZjNiYWQwYzEwNjliZDMwZjQzMWYwZjFjMGYiLCJfYXV0aF91c2VyX2lkIjoxLCJfc2Vzc2lvbl9leHBpcnkiOjB9','2016-08-30 15:12:58.143481');
CREATE TABLE "django_site" ("id" integer NOT NULL PRIMARY KEY AUTOINCREMENT, "domain" varchar(100) NOT NULL, "name" varchar(50) NOT NULL);
INSERT INTO "django_site" VALUES(1,'192.168.99.100:8000','192.168.99.100:8000');
DELETE FROM sqlite_sequence;
INSERT INTO "sqlite_sequence" VALUES('django_content_type',30);
INSERT INTO "sqlite_sequence" VALUES('django_migrations',37);
INSERT INTO "sqlite_sequence" VALUES('account_emailaddress',1);
INSERT INTO "sqlite_sequence" VALUES('credential_store_storedbadgeclass',0);
INSERT INTO "sqlite_sequence" VALUES('credential_store_storedissuer',0);
INSERT INTO "sqlite_sequence" VALUES('credential_store_storedbadgeinstance',0);
INSERT INTO "sqlite_sequence" VALUES('composition_localbadgeinstancecollection',0);
INSERT INTO "sqlite_sequence" VALUES('composition_collectionpermission',0);
INSERT INTO "sqlite_sequence" VALUES('composition_collection',0);
INSERT INTO "sqlite_sequence" VALUES('composer_storedbadgeinstancecollection',0);
INSERT INTO "sqlite_sequence" VALUES('composer_collection',0);
INSERT INTO "sqlite_sequence" VALUES('composer_collectionpermission',0);
INSERT INTO "sqlite_sequence" VALUES('composition_localbadgeclass',0);
INSERT INTO "sqlite_sequence" VALUES('composition_localbadgeinstance',0);
INSERT INTO "sqlite_sequence" VALUES('composition_localissuer',0);
INSERT INTO "sqlite_sequence" VALUES('issuer_issuerstaff',0);
INSERT INTO "sqlite_sequence" VALUES('issuer_issuer',2);
INSERT INTO "sqlite_sequence" VALUES('issuer_badgeclass',16);
INSERT INTO "sqlite_sequence" VALUES('issuer_badgeinstance',0);
INSERT INTO "sqlite_sequence" VALUES('auth_permission',90);
INSERT INTO "sqlite_sequence" VALUES('django_site',2);
INSERT INTO "sqlite_sequence" VALUES('users',1);
INSERT INTO "sqlite_sequence" VALUES('account_emailconfirmation',1);
INSERT INTO "sqlite_sequence" VALUES('django_admin_log',9);
CREATE INDEX auth_permission_417f1b1c ON "auth_permission" ("content_type_id");
CREATE INDEX auth_group_permissions_0e939a4f ON "auth_group_permissions" ("group_id");
CREATE INDEX auth_group_permissions_8373b171 ON "auth_group_permissions" ("permission_id");
CREATE INDEX users_groups_1cf89192 ON "users_groups" ("badgeuser_id");
CREATE INDEX users_groups_0e939a4f ON "users_groups" ("group_id");
CREATE INDEX users_user_permissions_1cf89192 ON "users_user_permissions" ("badgeuser_id");
CREATE INDEX users_user_permissions_8373b171 ON "users_user_permissions" ("permission_id");
CREATE INDEX account_emailconfirmation_6f1edeac ON "account_emailconfirmation" ("email_address_id");
CREATE INDEX account_emailaddress_e8701ad4 ON "account_emailaddress" ("user_id");
CREATE INDEX django_admin_log_417f1b1c ON "django_admin_log" ("content_type_id");
CREATE INDEX django_admin_log_e8701ad4 ON "django_admin_log" ("user_id");
CREATE INDEX credential_store_storedbadgeclass_dff64d5b ON "credential_store_storedbadgeclass" ("issuer_id");
CREATE INDEX credential_store_storedbadgeinstance_6384308d ON "credential_store_storedbadgeinstance" ("badgeclass_id");
CREATE INDEX credential_store_storedbadgeinstance_dff64d5b ON "credential_store_storedbadgeinstance" ("issuer_id");
CREATE INDEX credential_store_storedbadgeinstance_e920584d ON "credential_store_storedbadgeinstance" ("recipient_user_id");
CREATE INDEX composition_localbadgeinstancecollection_0a1a4dd8 ON "composition_localbadgeinstancecollection" ("collection_id");
CREATE INDEX composition_localbadgeinstancecollection_51afcc4f ON "composition_localbadgeinstancecollection" ("instance_id");
CREATE INDEX composition_collectionpermission_0a1a4dd8 ON "composition_collectionpermission" ("collection_id");
CREATE INDEX composition_collectionpermission_e8701ad4 ON "composition_collectionpermission" ("user_id");
CREATE INDEX composition_collection_2dbcba41 ON "composition_collection" ("slug");
CREATE INDEX composition_collection_5e7b1936 ON "composition_collection" ("owner_id");
CREATE INDEX composer_storedbadgeinstancecollection_0a1a4dd8 ON "composer_storedbadgeinstancecollection" ("collection_id");
CREATE INDEX composer_storedbadgeinstancecollection_51afcc4f ON "composer_storedbadgeinstancecollection" ("instance_id");
CREATE INDEX composer_collection_2dbcba41 ON "composer_collection" ("slug");
CREATE INDEX composer_collection_5e7b1936 ON "composer_collection" ("owner_id");
CREATE INDEX composer_collectionpermission_0a1a4dd8 ON "composer_collectionpermission" ("collection_id");
CREATE INDEX composer_collectionpermission_e8701ad4 ON "composer_collectionpermission" ("user_id");
CREATE INDEX composition_localbadgeclass_e93cb7eb ON "composition_localbadgeclass" ("created_by_id");
CREATE INDEX composition_localbadgeclass_dff64d5b ON "composition_localbadgeclass" ("issuer_id");
CREATE INDEX composition_localbadgeinstance_6384308d ON "composition_localbadgeinstance" ("badgeclass_id");
CREATE INDEX composition_localbadgeinstance_e93cb7eb ON "composition_localbadgeinstance" ("created_by_id");
CREATE INDEX composition_localbadgeinstance_dff64d5b ON "composition_localbadgeinstance" ("issuer_id");
CREATE INDEX composition_localbadgeinstance_e920584d ON "composition_localbadgeinstance" ("recipient_user_id");
CREATE INDEX composition_localissuer_e93cb7eb ON "composition_localissuer" ("created_by_id");
CREATE INDEX issuer_issuerstaff_e8701ad4 ON "issuer_issuerstaff" ("user_id");
CREATE INDEX issuer_issuerstaff_dff64d5b ON "issuer_issuerstaff" ("issuer_id");
CREATE INDEX issuer_issuer_e93cb7eb ON "issuer_issuer" ("created_by_id");
CREATE INDEX issuer_issuer_5e7b1936 ON "issuer_issuer" ("owner_id");
CREATE INDEX issuer_badgeclass_e93cb7eb ON "issuer_badgeclass" ("created_by_id");
CREATE INDEX issuer_badgeclass_dff64d5b ON "issuer_badgeclass" ("issuer_id");
CREATE INDEX issuer_badgeinstance_e93cb7eb ON "issuer_badgeinstance" ("created_by_id");
CREATE INDEX issuer_badgeinstance_dff64d5b ON "issuer_badgeinstance" ("issuer_id");
CREATE INDEX issuer_badgeinstance_6384308d ON "issuer_badgeinstance" ("badgeclass_id");
CREATE INDEX reversion_revision_b16b0f06 ON "reversion_revision" ("manager_slug");
CREATE INDEX reversion_revision_c69e55a4 ON "reversion_revision" ("date_created");
CREATE INDEX reversion_revision_e8701ad4 ON "reversion_revision" ("user_id");
CREATE INDEX reversion_version_0c9ba3a3 ON "reversion_version" ("object_id_int");
CREATE INDEX reversion_version_417f1b1c ON "reversion_version" ("content_type_id");
CREATE INDEX reversion_version_5de09a8d ON "reversion_version" ("revision_id");
CREATE INDEX django_session_de54fa62 ON "django_session" ("expire_date");
COMMIT;
